domain,sources,example_ids,families,terms_url_known,terms_url_verified,decision_APPROVED_RESTRICTED_DISABLED,attribution_required,reviewed_by,reviewed_at,notes
082noticias.com,1,082noticias-al,NEWS_REGIONAL/rss,,,,,,,
100fronteiras.com,1,100fronteiras-pr,NEWS_REGIONAL/rss,,,,,,,
a8se.com,1,a8se-se,NEWS_REGIONAL/rss,,,,,,,
abihrj.com.br,1,abihrj,NEWS_REGIONAL/rss,,,,,,,
acritica.net,1,acritica,NEWS_REGIONAL/rss,,,,,,,
agazeta.com.br,1,a-gazeta-es,NEWS_REGIONAL/rss,,,,,,,
agazetadoacre.com,1,agazetadoacre-ac,NEWS_REGIONAL/rss,,,,,,,
agencia.fiocruz.br,1,agencia-fiocruz,OFFICIAL/rss,,,,,,,
agenciabrasil.ebc.com.br,6,agencia-brasil;agencia-brasil-economia;agencia-brasil-geral;agencia-brasil-internacional;agencia-brasil-politica,NEWS_HIGH/rss,https://www.ebc.com.br/termos-de-uso,,,,,,
agenciainfra.com,1,agencia-infra,NEWS_HIGH/rss,,,,,,,
agendabh.com.br,1,agendabh-mg,NEWS_REGIONAL/rss,,,,,,,
agorarn.com.br,1,agorarn-rn,NEWS_REGIONAL/rss,,,,,,,
ajn1.com.br,1,ajn1-se,NEWS_REGIONAL/rss,,,,,,,
ajnoticias.com.br,1,ajnoticias-sc,NEWS_REGIONAL/rss,,,,,,,
alagoas24horas.com.br,1,alagoas24horas-al,NEWS_REGIONAL/rss,,,,,,,
amazonas1.com.br,1,amazonas1-am,NEWS_REGIONAL/rss,,,,,,,
amazoniareal.com.br,1,amazonia-real,NEWS_REGIONAL/rss,,,,,,,
amp.campograndenews.com.br,1,amp-campograndenews-ms,NEWS_REGIONAL/rss,,,,,,,
apublica.org,1,agencia-publica,NEWS_HIGH/rss,,,,,,,
aracajumagazine.com.br,1,aracajumagazine-se,NEWS_REGIONAL/rss,,,,,,,
araraquaranews.com.br,1,araraquaranews,NEWS_REGIONAL/rss,,,,,,,
aredacao.com.br,1,aredacao-go,NEWS_REGIONAL/rss,,,,,,,
atitudeto.com.br,1,atitudeto-to,NEWS_REGIONAL/rss,,,,,,,
bahiaeconomica.com.br,1,bahiaeconomica,NEWS_REGIONAL/rss,,,,,,,
bahiajornal.com.br,1,bahiajornal-ba,NEWS_REGIONAL/rss,,,,,,,
bahianapolitica.com.br,1,bahianapolitica-ba,NEWS_REGIONAL/rss,,,,,,,
bahianoticias.com.br,1,bahia-noticias,NEWS_REGIONAL/rss,,,,,,,
bahiasemfronteiras.com.br,1,bahiasemfronteiras-ba,NEWS_REGIONAL/rss,,,,,,,
bandab.com.br,1,bandab,NEWS_REGIONAL/rss,,,,,,,
bbc.com,1,bbc-brasil,NEWS_HIGH/rss,,,,,,,
bcb.gov.br,1,bcb-ptax,OFFICIAL/bcb_ptax,https://www.bcb.gov.br/acessoinformacao/dadosabertos,,,,,,
belem.com.br,1,belem-pa,NEWS_REGIONAL/rss,,,,,,,
bemparana.com.br,1,bemparana-pr,NEWS_REGIONAL/rss,,,,,,,
bhaz.com.br,1,bhaz-mg,NEWS_REGIONAL/rss,,,,,,,
blogcenario.com.br,1,blogcenario,NEWS_REGIONAL/rss,,,,,,,
blogderocha.com.br,1,blogderocha-ap,NEWS_REGIONAL/rss,,,,,,,
blogdoanderson.com,1,blogdoanderson-ba,NEWS_REGIONAL/rss,,,,,,,
blogdobarreto.com.br,1,blogdobarreto-rn,NEWS_REGIONAL/rss,,,,,,,
blogdobg.com.br,1,blogdobg-rn,NEWS_REGIONAL/rss,,,,,,,
blogdoedvaldomagalhaes.com.br,1,blogdoedvaldomagalhaes-pe,NEWS_REGIONAL/rss,,,,,,,
blogdojaime.com.br,1,blogdojaime-sc,NEWS_REGIONAL/rss,,,,,,,
blogdomagno.com.br,1,blogdomagno-pe,NEWS_REGIONAL/rss,,,,,,,
blogdomarioadolfo.com.br,1,blogdomarioadolfo-am,NEWS_REGIONAL/rss,,,,,,,
blogdomarioflavio.com.br,1,blogdomarioflavio-pe,NEWS_REGIONAL/rss,,,,,,,
bloomberglinea.com.br,1,bloomberg-linea,NEWS_HIGH/rss,,,,,,,
bncamazonas.com.br,1,bncamazonas-am,NEWS_REGIONAL/rss,,,,,,,
bnews.com.br,1,bnews-ba,NEWS_REGIONAL/rss,,,,,,,
bonde.com.br,1,bonde-pr,NEWS_REGIONAL/rss,,,,,,,
br.investing.com,1,investing-br,NEWS_HIGH/rss,,,,,,,
camara.leg.br,1,agencia-camara,OFFICIAL/rss,https://www2.camara.leg.br/comunicacao/assessoria-de-imprensa/guia-para-jornalistas/noticias-e-fotografias,,,,,,
campograndenews.com.br,1,campograndenews-ms,NEWS_REGIONAL/rss,,,,,,,
campos24horas.com.br,1,campos24horas-rj,NEWS_REGIONAL/rss,,,,,,,
canalrural.com.br,1,canal-rural,NEWS_HIGH/rss,,,,,,,
canaltech.com.br,1,canaltech,NEWS_HIGH/rss,,,,,,,
caririceara.com,1,caririceara-ce,NEWS_REGIONAL/rss,,,,,,,
carlosbritto.com,1,carlosbritto-pe,NEWS_REGIONAL/rss,,,,,,,
cbncuritiba.com.br,1,cbncuritiba-pr,NEWS_REGIONAL/rss,,,,,,,
cbnparaiba.com.br,1,cbnparaiba-pb,NEWS_REGIONAL/rss,,,,,,,
cbnribeirao.com.br,1,cbnribeirao-sp,NEWS_REGIONAL/rss,,,,,,,
cbnvale.com.br,1,cbnvale-sp,NEWS_REGIONAL/rss,,,,,,,
cenariomt.com.br,1,cenariomt-mt,NEWS_REGIONAL/rss,,,,,,,
cidade997.com.br,1,cidade997-pe,NEWS_REGIONAL/rss,,,,,,,
clebertoledo.com.br,1,clebertoledo-to,NEWS_REGIONAL/rss,,,,,,,
clickcampos.com,1,clickcampos-rj,NEWS_REGIONAL/rss,,,,,,,
clickfozdoiguacu.com.br,1,clickfozdoiguacu-pr,NEWS_REGIONAL/rss,,,,,,,
clickpb.com.br,1,clickpb-pb,NEWS_REGIONAL/rss,,,,,,,
cnnbrasil.com.br,1,cnn-brasil,NEWS_HIGH/rss,,,,,,,
conjur.com.br,1,conjur,NEWS_HIGH/rss,,,,,,,
contilnetnoticias.com.br,1,contilnetnoticias-ac,NEWS_REGIONAL/rss,,,,,,,
correiodecarajas.com.br,1,correiodecarajas-pa,NEWS_REGIONAL/rss,,,,,,,
debatecarajas.com.br,1,debatecarajas-pa,NEWS_REGIONAL/rss,,,,,,,
diariodoamapa.com.br,1,diariodoamapa-ap,NEWS_REGIONAL/rss,,,,,,,
diariodocomercio.com.br,1,diariodocomercio,NEWS_REGIONAL/rss,,,,,,,
diariodorn.com.br,1,diariodorn-rn,NEWS_REGIONAL/rss,,,,,,,
diarioonline.com.br,1,diario-do-para,NEWS_REGIONAL/rss,,,,,,,
domingoscosta.com.br,1,domingoscosta-ma,NEWS_REGIONAL/rss,,,,,,,
douranews.com.br,1,douranews-ms,NEWS_REGIONAL/rss,,,,,,,
drauziovarella.uol.com.br,1,drauzio-varella,NEWS_HIGH/rss,,,,,,,
edmarlyra.com,1,edmarlyra-pe,NEWS_REGIONAL/rss,,,,,,,
enfoquems.com.br,1,enfoquems-ms,NEWS_REGIONAL/rss,,,,,,,
errejotanoticias.com.br,1,errejotanoticias-rj,NEWS_REGIONAL/rss,,,,,,,
esbrasil.com.br,1,esbrasil-es,NEWS_REGIONAL/rss,,,,,,,
estadao.com.br,1,estadao,NEWS_HIGH/rss,,,,,,,
estadaoalagoas.com.br,1,estadaoalagoas-al,NEWS_REGIONAL/rss,,,,,,,
exame.com,1,exame,NEWS_HIGH/rss,,,,,,,
fanf1.com.br,1,fanf1-se,NEWS_REGIONAL/rss,,,,,,,
faxaju.com.br,1,faxaju-se,NEWS_REGIONAL/rss,,,,,,,
folha.uol.com.br,7,folha;folha-cotidiano;folha-poder;folha-mercado;folha-mundo,NEWS_HIGH/rss,,,,,,,
folhabv.com.br,1,folhabv,NEWS_REGIONAL/rss,,,,,,,
folhadecuritiba.com.br,1,folhadecuritiba-pr,NEWS_REGIONAL/rss,,,,,,,
folhadedourados.com.br,1,folhadedourados-ms,NEWS_REGIONAL/rss,,,,,,,
folhaestado.com.br,1,folhaestado-mt,NEWS_REGIONAL/rss,,,,,,,
folhajf.com.br,1,folhajf-mg,NEWS_REGIONAL/rss,,,,,,,
folhape.com.br,1,folhape,NEWS_REGIONAL/rss,,,,,,,
folhavitoria.com.br,1,folha-vitoria,NEWS_REGIONAL/rss,,,,,,,
fonte83.com.br,1,fonte83-pb,NEWS_REGIONAL/rss,,,,,,,
fortaleza1918.com.br,1,fortaleza1918-ce,NEWS_REGIONAL/rss,,,,,,,
g1.globo.com,22,g1;g1-politica;g1-economia;g1-mundo;g1-tecnologia,NEWS_HIGH/rss;NEWS_REGIONAL/rss,,,,,,,
gazetadoparana.com.br,1,gazetadoparana-pr,NEWS_REGIONAL/rss,,,,,,,
gazetadopovo.com.br,1,gazeta-do-povo,NEWS_HIGH/rss,,,,,,,
gazetanm.com.br,1,gazetanm-mg,NEWS_REGIONAL/rss,,,,,,,
gazetaweb.com,1,gazetaweb-al,NEWS_REGIONAL/rss,,,,,,,
geraisnews.com.br,1,geraisnews-mg,NEWS_REGIONAL/rss,,,,,,,
glomes.com.br,1,glomes-ba,NEWS_REGIONAL/rss,,,,,,,
gmconline.com.br,1,gmconline-pr,NEWS_REGIONAL/rss,,,,,,,
goias.gov.br,1,governo-goias,OFFICIAL/rss,,,,,,,
gov.br,6,gov-mdr;gov-cemaden;gov-ibama;gov-saude;gov-inpe,OFFICIAL/rss,,,,,,,
gpsbrasilia.com.br,1,gpsbrasilia-df,NEWS_REGIONAL/rss,,,,,,,
guaranyjunior.com.br,1,guaranyjunior-pa,NEWS_REGIONAL/rss,,,,,,,
h2foz.com.br,1,h2foz-pr,NEWS_REGIONAL/rss,,,,,,,
hnt.com.br,1,hnt-mt,NEWS_REGIONAL/rss,,,,,,,
ig.com.br,1,ig-ultimo-segundo,NEWS_HIGH/rss,,,,,,,
info.dengue.mat.br,1,infodengue-capitais,OFFICIAL/infodengue,,,,,,,
infomoney.com.br,1,infomoney,NEWS_HIGH/rss,,,,,,,
infonet.com.br,1,infonet-se,NEWS_REGIONAL/rss,,,,,,,
informeblumenau.com,1,informeblumenau-sc,NEWS_REGIONAL/rss,,,,,,,
inmet.gov.br,1,inmet-avisos,OFFICIAL/inmet,https://apiprevmet3.inmet.gov.br/avisos/rss,,,,,,
inpe.br,1,inpe-queimadas,OFFICIAL/inpe_fires,,,,,,,
istoe.com.br,1,istoe,NEWS_HIGH/rss,,,,,,,
j3news.com,1,j3news-rj,NEWS_REGIONAL/rss,,,,,,,
jornal.usp.br,1,jornal-da-usp,NEWS_HIGH/rss,,,,,,,
jornalboavista.com.br,1,jornalboavista,NEWS_REGIONAL/rss,,,,,,,
jornaldaparaiba.com.br,1,jornaldaparaiba,NEWS_REGIONAL/rss,,,,,,,
jornalgrandebahia.com.br,1,jornalgrandebahia-ba,NEWS_REGIONAL/rss,,,,,,,
jornalpequeno.com.br,1,jornalpequeno-ma,NEWS_REGIONAL/rss,,,,,,,
jornaltradicao.com.br,1,jornaltradicao,NEWS_REGIONAL/rss,,,,,,,
jornaluniao.com.br,1,jornaluniao-pr,NEWS_REGIONAL/rss,,,,,,,
jota.info,1,jota,NEWS_HIGH/rss,,,,,,,
jovempan.com.br,1,jovem-pan,NEWS_HIGH/rss,,,,,,,
leouve.com.br,1,leouve,NEWS_REGIONAL/rss,,,,,,,
maceio.al.gov.br,1,maceio-al-al,NEWS_REGIONAL/rss,,,,,,,
maisribatejo.pt,1,maisribatejo-pt-pa,NEWS_REGIONAL/rss,,,,,,,
marechalnews.com.br,1,marechalnews-pr,NEWS_REGIONAL/rss,,,,,,,
maringapost.com.br,1,maringapost-pr,NEWS_REGIONAL/rss,,,,,,,
mdr.gov.br,1,defesa-civil-idap,OFFICIAL/idap_cap,,,,,,,
meganesia.com.br,1,meganesia-go,NEWS_REGIONAL/rss,,,,,,,
megustacuritiba.com.br,1,megustacuritiba-pr,NEWS_REGIONAL/rss,,,,,,,
mesorregional.com.br,1,mesorregional-sc,NEWS_REGIONAL/rss,,,,,,,
metropoles.com,6,metropoles;metropoles-brasil;metropoles-mundo;metropoles-saude;metropoles-df,NEWS_HIGH/rss;NEWS_REGIONAL/rss,,,,,,,
metropolitanafmcaruaru.com.br,1,metropolitanafmcaruaru-pe,NEWS_REGIONAL/rss,,,,,,,
miseria.com.br,1,miseria-ce,NEWS_REGIONAL/rss,,,,,,,
moneytimes.com.br,1,money-times,NEWS_HIGH/rss,,,,,,,
mossoronoticias.com.br,1,mossoronoticias-rn,NEWS_REGIONAL/rss,,,,,,,
muitainformacao.com.br,1,muitainformacao-ba,NEWS_REGIONAL/rss,,,,,,,
ndmais.com.br,1,nd-mais,NEWS_REGIONAL/rss,,,,,,,
netcampos.com,1,netcampos-sp,NEWS_REGIONAL/rss,,,,,,,
news.un.org,1,onu-news-pt,NEWS_HIGH/rss,,,,,,,
nexojornal.com.br,1,nexo,NEWS_HIGH/rss,,,,,,,
nfnoticias.com.br,1,nfnoticias-rj,NEWS_REGIONAL/rss,,,,,,,
noticias.r7.com,1,noticias-r7,NEWS_REGIONAL/rss,,,,,,,
noticiasdosorraia.sapo.pt,1,noticiasdosorraia-sapo-pt-pa,NEWS_REGIONAL/rss,,,,,,,
novonoticias.com.br,1,novonoticias-rn,NEWS_REGIONAL/rss,,,,,,,
nsctotal.com.br,1,nsc-total,NEWS_REGIONAL/rss,,,,,,,
odia.ig.com.br,1,odia-ig-rj,NEWS_REGIONAL/rss,,,,,,,
ofluminense.com.br,1,ofluminense,NEWS_REGIONAL/rss,,,,,,,
oimpacto.com.br,1,oimpacto-pa,NEWS_REGIONAL/rss,,,,,,,
oimparcial.com.br,1,o-imparcial-ma,NEWS_REGIONAL/rss,,,,,,,
ojornalextra.com.br,1,ojornalextra-al,NEWS_REGIONAL/rss,,,,,,,
olhardigital.com.br,1,olhar-digital,NEWS_HIGH/rss,,,,,,,
omatogrossense.com,1,omatogrossense-mt,NEWS_REGIONAL/rss,,,,,,,
omirante.pt,1,omirante-pt-pa,NEWS_REGIONAL/rss,,,,,,,
ons.org.br,1,ons-ear,OFFICIAL/ons_ear,https://dados.ons.org.br/,,,,,,
oparana.com.br,1,oparana-pr,NEWS_REGIONAL/rss,,,,,,,
opoti.com.br,1,opoti-rn,NEWS_REGIONAL/rss,,,,,,,
oriobranco.net,1,oriobranco-ac,NEWS_REGIONAL/rss,,,,,,,
paginadepolicia.com.br,1,paginadepolicia,NEWS_REGIONAL/rss,,,,,,,
paraibaja.com.br,1,paraibaja-pb,NEWS_REGIONAL/rss,,,,,,,
paraibaonline.com.br,1,paraibaonline-pb,NEWS_REGIONAL/rss,,,,,,,
paranaibamais.com.br,1,paranaibamais-mg,NEWS_REGIONAL/rss,,,,,,,
petrolinaofc.com.br,1,petrolinaofc-pe,NEWS_REGIONAL/rss,,,,,,,
petronoticias.com.br,1,petronoticias,NEWS_HIGH/rss,,,,,,,
piaui.folha.uol.com.br,1,revista-piaui,NEWS_HIGH/rss,,,,,,,
poder360.com.br,1,poder360,NEWS_HIGH/rss,,,,,,,
poderparaiba.com.br,1,poderparaiba-pb,NEWS_REGIONAL/rss,,,,,,,
portal6.com.br,1,portal6-go,NEWS_REGIONAL/rss,,,,,,,
portalacre.com.br,1,portalacre-ac,NEWS_REGIONAL/rss,,,,,,,
portalal7.com.br,1,portalal7-al,NEWS_REGIONAL/rss,,,,,,,
portalclubenews.com,1,portalclubenews-pi,NEWS_REGIONAL/rss,,,,,,,
portalcorreio.com.br,1,portalcorreio-pb,NEWS_REGIONAL/rss,,,,,,,
portalgazetarn.com,1,portalgazetarn-rn,NEWS_REGIONAL/rss,,,,,,,
portalguajara.com,1,portalguajara-ro,NEWS_REGIONAL/rss,,,,,,,
portalmorada.com.br,1,portalmorada-sp,NEWS_REGIONAL/rss,,,,,,,
portalodia.com,1,portalodia,NEWS_REGIONAL/rss,,,,,,,
portalsalvadorfm.com.br,1,portalsalvadorfm-ba,NEWS_REGIONAL/rss,,,,,,,
portaltemponovo.com.br,1,portaltemponovo-es,NEWS_REGIONAL/rss,,,,,,,
portalunico.com,1,portalunico-am,NEWS_REGIONAL/rss,,,,,,,
portalvoce.com,1,portalvoce-am,NEWS_REGIONAL/rss,,,,,,,
portalvv8.com.br,1,portalvv8,NEWS_REGIONAL/rss,,,,,,,
prefeitura.rio,1,prefeitura-rio,OFFICIAL/rss,,,,,,,
primeirahora.com.br,1,primeirahora,NEWS_REGIONAL/rss,,,,,,,
pt.euronews.com,1,euronews-pt,NEWS_HIGH/rss,,,,,,,
radiocatedraljf.com.br,1,radiocatedraljf-mg,NEWS_REGIONAL/rss,,,,,,,
radiocaxias.com.br,1,radiocaxias-rs,NEWS_REGIONAL/rss,,,,,,,
rbatv.com.br,1,rbatv-sc,NEWS_REGIONAL/rss,,,,,,,
rbtv.com.br,1,rbtv,NEWS_REGIONAL/rss,,,,,,,
rcn67.com.br,1,rcn67-ms,NEWS_REGIONAL/rss,,,,,,,
rcwtv.com.br,1,rcwtv-mg,NEWS_REGIONAL/rss,,,,,,,
reporternordeste.com.br,1,reporternordeste-al,NEWS_REGIONAL/rss,,,,,,,
reporterpb.com.br,1,reporterpb-pb,NEWS_REGIONAL/rss,,,,,,,
revistatempo.com.br,1,revistatempo-mg,NEWS_REGIONAL/rss,,,,,,,
revistazelo.com.br,1,revistazelo-go,NEWS_REGIONAL/rss,,,,,,,
rfi.fr,1,rfi-pt,NEWS_HIGH/rss,,,,,,,
ricardobanana.com.br,1,ricardobanana-pe,NEWS_REGIONAL/rss,,,,,,,
riosdenoticias.com.br,1,riosdenoticias-am,NEWS_REGIONAL/rss,,,,,,,
roacontece.com.br,1,roacontece-se,NEWS_REGIONAL/rss,,,,,,,
roraima1.com.br,1,roraima1-rr,NEWS_REGIONAL/rss,,,,,,,
ruraldemossoro.com.br,1,ruraldemossoro-rn,NEWS_REGIONAL/rss,,,,,,,
santos.sp.gov.br,1,santos-sp-sp,NEWS_REGIONAL/rss,,,,,,,
saogoncaloagora.com.br,1,saogoncaloagora-ba,NEWS_REGIONAL/rss,,,,,,,
sapo.pt,1,sapo-pt-pa,NEWS_REGIONAL/rss,,,,,,,
saude.abril.com.br,1,saude-abril,NEWS_HIGH/rss,,,,,,,
selesnafes.com,1,selesnafes-ap,NEWS_REGIONAL/rss,,,,,,,
seliguebahia.com.br,1,seliguebahia-ba,NEWS_REGIONAL/rss,,,,,,,
senado.leg.br,1,agencia-senado,OFFICIAL/rss,https://www12.senado.leg.br/noticias/politica-de-uso,,,,,,
serranoticiario.com.br,1,serranoticiario-es,NEWS_REGIONAL/rss,,,,,,,
sertaodaparaiba.com.br,1,sertaodaparaiba-pb,NEWS_REGIONAL/rss,,,,,,,
seudinheiro.com,1,seu-dinheiro,NEWS_HIGH/rss,,,,,,,
simnoticias.com.br,1,simnoticias-es,NEWS_REGIONAL/rss,,,,,,,
spacofm.com.br,1,spacofm-rs,NEWS_REGIONAL/rss,,,,,,,
spriomais.com.br,1,spriomais-sp,NEWS_REGIONAL/rss,,,,,,,
suno.com.br,1,suno,NEWS_HIGH/rss,,,,,,,
taroba.com.br,1,taroba-pr,NEWS_REGIONAL/rss,,,,,,,
tcmnoticia.com.br,1,tcmnoticia,NEWS_REGIONAL/rss,,,,,,,
tcu.gov.br,1,tcu,OFFICIAL/rss,,,,,,,
tecnoblog.net,1,tecnoblog,NEWS_HIGH/rss,,,,,,,
terra.com.br,2,terra-brasil;terra-noticias,NEWS_HIGH/rss,,,,,,,
tnh1.com.br,1,tnh1-al,NEWS_REGIONAL/rss,,,,,,,
topsociety.com.br,1,topsociety-sc,NEWS_REGIONAL/rss,,,,,,,
trends.google.com,1,google-trends-br,SOCIAL/google_trends,https://policies.google.com/terms,,,,,,
tribunadonorte.com.br,1,tribuna-do-norte,NEWS_REGIONAL/rss,,,,,,,
tribunapr.com.br,1,tribunapr-pr,NEWS_REGIONAL/rss,,,,,,,
tvbv.com.br,1,tvbv-sc,NEWS_REGIONAL/rss,,,,,,,
tvsmais.com.br,1,tvsmais-sp,NEWS_REGIONAL/rss,,,,,,,
uai.com.br,1,uai-mg,NEWS_REGIONAL/rss,,,,,,,
uol.com.br,2,uol;uol-economia,NEWS_HIGH/rss,https://sobreuol.noticias.uol.com.br/normas-de-seguranca-e-privacidade/,,,,,,
usgs.gov,1,usgs-terremotos,OFFICIAL/usgs,https://www.usgs.gov/information-policies-and-instructions/copyrights-and-credits,,,,,,
valor.globo.com,1,valor,NEWS_HIGH/rss,,,,,,,
veja.abril.com.br,1,veja,NEWS_HIGH/rss,,,,,,,
